tournament,match_id,match_date,stage,referee,team,opponent,box_touches,box_entries,fouls_won_final3,def_box_contests,pens_for,pens_against,shots,xg,passes,fouls_won,fouls_committed,yellows,reds,duels,touches_final3,fouls_won_dzone,fk_shots,fk_xg,pen_xg
WC2018,8650,2018-07-06,Quarter-finals,Milorad Mažić,Brazil,Belgium,100,36,1,12,0,0,25,2.6091956661999998,532,17,20,2,0,22,640,1,0,0.0,0.0
WC2018,8650,2018-07-06,Quarter-finals,Milorad Mažić,Belgium,Brazil,24,11,5,45,0,0,8,0.40525613299999996,385,20,18,2,0,22,222,2,1,0.013607446,0.0
WC2018,7584,2018-07-02,Round of 16,Malang Diedhiou,Japan,Belgium,34,12,1,40,0,0,12,0.6937694522000001,457,12,11,1,0,20,265,0,1,0.006078651,0.0
WC2018,7584,2018-07-02,Round of 16,Malang Diedhiou,Belgium,Japan,110,38,1,16,0,0,28,2.917831719499999,618,10,13,0,0,14,535,0,0,0.0,0.0
WC2018,7554,2018-06-24,Group Stage,Ghead Grisha,England,Panama,29,13,5,14,2,0,9,1.601321031,607,12,14,1,0,16,273,0,0,0.0,1.567
WC2018,7554,2018-06-24,Group Stage,Ghead Grisha,Panama,England,23,10,1,10,0,2,8,1.0800387518,406,14,13,3,0,23,300,0,0,0.0,0.0
WC2018,7539,2018-06-19,Group Stage,Nawaf Abdulla Ghayyath Shukralla,Poland,Senegal,36,13,2,15,0,0,10,1.042323384,585,16,7,1,0,17,316,0,1,0.07070428,0.0
WC2018,7539,2018-06-19,Group Stage,Nawaf Abdulla Ghayyath Shukralla,Senegal,Poland,26,10,2,21,0,0,7,1.4277506340000001,382,7,17,1,0,21,299,0,1,0.009712145,0.0
WC2018,7550,2018-06-22,Group Stage,Felix Brych,Switzerland,Serbia,35,13,2,13,0,0,19,1.5573086895,554,20,13,1,0,28,344,0,1,0.05241076,0.0
WC2018,7550,2018-06-22,Group Stage,Felix Brych,Serbia,Switzerland,62,23,2,20,0,0,12,1.153485278,347,13,20,4,0,32,309,2,0,0.0,0.0
WC2018,7538,2018-06-18,Group Stage,Joel Antonio Aguilar Chicas,Sweden,South Korea,33,12,3,23,1,0,15,1.2316244560000003,477,22,19,1,0,28,354,2,0,0.0,0.7835
WC2018,7538,2018-06-18,Group Stage,Joel Antonio Aguilar Chicas,South Korea,Sweden,19,9,2,33,0,1,5,0.414372021,382,19,22,2,0,26,313,0,0,0.0,0.0
WC2018,7534,2018-06-17,Group Stage,Alireza Faghani,Germany,Mexico,103,29,4,8,0,0,26,2.2992588492,619,13,13,2,0,22,892,1,1,0.06350054,0.0
WC2018,7534,2018-06-17,Group Stage,Alireza Faghani,Mexico,Germany,33,10,1,43,0,0,12,0.9932887670000001,324,11,15,2,0,26,266,1,1,0.08506853,0.0
WC2018,7543,2018-06-20,Group Stage,Andrés Cunha,Spain,Iran,75,22,7,12,0,0,18,2.1969543835000005,816,14,15,0,0,12,960,3,3,0.131495881,0.0
WC2018,7543,2018-06-20,Group Stage,Andrés Cunha,Iran,Spain,14,7,3,31,0,0,6,0.426459236,262,15,14,2,0,19,134,1,0,0.0,0.0
WC2018,7544,2018-06-20,Group Stage,Clément Turpin,Uruguay,Saudi Arabia,44,18,4,12,0,0,14,1.8073869310000001,511,12,13,0,0,17,301,2,1,0.023920795,0.0
WC2018,7544,2018-06-20,Group Stage,Clément Turpin,Saudi Arabia,Uruguay,20,9,2,13,0,0,8,0.2734858323,584,11,12,0,0,19,461,1,1,0.05547695,0.0
WC2018,7546,2018-06-21,Group Stage,Mohamed Abdulla Hassan Mohd,Peru,France,25,12,1,19,0,0,12,0.625221235,548,9,14,2,0,29,404,0,1,0.02880108,0.0
WC2018,7546,2018-06-21,Group Stage,Mohamed Abdulla Hassan Mohd,France,Peru,51,15,3,15,0,0,12,1.862419556,435,14,11,2,0,30,364,2,0,0.0,0.0
WC2018,7545,2018-06-21,Group Stage,Ravshan Irmatov,Croatia,Argentina,33,9,3,17,0,0,14,1.8317100519999998,382,19,23,4,0,18,192,1,1,0.039510775,0.0
WC2018,7545,2018-06-21,Group Stage,Ravshan Irmatov,Argentina,Croatia,36,10,2,11,0,0,10,1.2180579430000003,535,22,20,4,0,30,363,0,0,0.0,0.0
WC2018,7585,2018-07-03,Round of 16,Mark Geiger,England,Colombia,42,17,8,17,1,0,16,1.460789848,605,22,13,2,0,31,378,1,2,0.099117905,0.7835
WC2018,7585,2018-07-03,Round of 16,Mark Geiger,Colombia,England,28,14,0,33,0,1,14,0.8311502155,556,13,23,6,0,31,287,0,0,0.0,0.0
WC2018,7569,2018-06-28,Group Stage,Nawaf Abdulla Ghayyath Shukralla,Tunisia,Panama,50,18,5,6,0,0,15,2.8524550040000003,648,18,20,3,0,22,401,0,0,0.0,0.0
WC2018,7569,2018-06-28,Group Stage,Nawaf Abdulla Ghayyath Shukralla,Panama,Tunisia,26,7,2,28,0,0,9,0.6907955865000001,291,19,20,1,0,29,152,1,1,0.052178748,0.0
WC2018,7572,2018-06-28,Group Stage,Janny Sikazwe,Poland,Japan,23,9,3,15,0,0,11,1.040714051,499,12,9,0,0,24,289,0,0,0.0,0.0
WC2018,7572,2018-06-28,Group Stage,Janny Sikazwe,Japan,Poland,33,12,1,20,0,0,11,0.8906295785,587,9,12,1,0,18,256,0,0,0.0,0.0
WC2018,7561,2018-06-26,Group Stage,Antonio Miguel Mateu Lahoz,Iceland,Croatia,42,16,3,13,1,0,16,1.3491869014999998,331,11,14,3,0,24,258,1,1,0.007674473,0.7835
WC2018,7561,2018-06-26,Group Stage,Antonio Miguel Mateu Lahoz,Croatia,Iceland,18,7,4,25,0,1,13,0.673928797,535,13,13,1,0,30,416,1,2,0.047762932999999994,0.0
WC2018,7540,2018-06-19,Group Stage,Enrique Cáceres,Russia,Egypt,45,16,4,32,0,1,12,0.9811507970000001,467,11,10,2,0,26,470,1,0,0.0,0.0
WC2018,7540,2018-06-19,Group Stage,Enrique Cáceres,Egypt,Russia,45,16,1,24,1,0,14,0.9140182529999998,484,9,11,1,0,32,383,0,0,0.0,0.7835
WC2018,7531,2018-06-16,Group Stage,Szymon Marciniak,Iceland,Argentina,41,9,1,49,0,1,9,1.0321244945,224,9,17,0,0,39,143,0,0,0.0,0.0
WC2018,7531,2018-06-16,Group Stage,Szymon Marciniak,Argentina,Iceland,91,38,10,11,1,0,27,1.2970182487000002,796,17,11,0,0,19,958,0,3,0.058889957400000005,0.7835
WC2018,7570,2018-06-28,Group Stage,Damir Skomina,England,Belgium,26,12,7,11,0,0,12,1.2006863693,514,15,14,0,0,16,294,2,2,0.07986809,0.0
WC2018,7570,2018-06-28,Group Stage,Damir Skomina,Belgium,England,49,13,1,24,0,0,14,0.9653343229999999,569,14,16,2,0,30,266,0,0,0.0,0.0
WC2018,7586,2018-07-03,Round of 16,Damir Skomina,Switzerland,Sweden,47,21,3,16,0,0,16,0.5329880485,615,12,16,2,1,15,471,0,0,0.0,0.0
WC2018,7586,2018-07-03,Round of 16,Damir Skomina,Sweden,Switzerland,34,12,4,36,0,0,12,0.910466011,304,15,12,1,0,22,215,1,3,0.144697216,0.0
WC2018,7557,2018-06-25,Group Stage,Enrique Cáceres,Portugal,Iran,24,11,4,19,1,1,14,0.7389178248,630,16,9,2,0,18,562,2,1,0.040589333,0.7835
WC2018,7557,2018-06-25,Group Stage,Enrique Cáceres,Iran,Portugal,25,9,2,19,1,1,8,0.793469604,239,8,16,1,0,25,169,1,1,0.00943477,0.7835
WC2018,7542,2018-06-20,Group Stage,Mark Geiger,Portugal,Morocco,22,8,5,32,0,0,12,0.8849862430000001,397,21,18,1,0,37,234,1,2,0.183967732,0.0
WC2018,7542,2018-06-20,Group Stage,Mark Geiger,Morocco,Portugal,55,21,5,16,0,0,17,1.4551028735,519,17,23,1,0,29,514,3,1,0.042571124,0.0
WC2018,8656,2018-07-11,Semi-finals,Cüneyt Çakιr,England,Croatia,41,15,4,44,0,0,11,0.5466641000000001,537,24,13,1,0,11,316,2,1,0.087601066,0.0
WC2018,8656,2018-07-11,Semi-finals,Cüneyt Çakιr,Croatia,England,51,17,2,21,0,0,22,2.1413194335,656,12,26,2,0,28,537,1,0,0.0,0.0
WC2018,7548,2018-06-22,Group Stage,Björn Kuipers,Brazil,Costa Rica,111,31,7,12,0,0,23,3.0963627985,750,16,11,2,0,27,728,1,0,0.0,0.0
WC2018,7548,2018-06-22,Group Stage,Björn Kuipers,Costa Rica,Brazil,10,3,1,36,0,0,4,0.158693415,294,11,17,1,0,27,156,1,0,0.0,0.0
WC2018,7578,2018-06-15,Group Stage,Björn Kuipers,Uruguay,Egypt,50,19,3,15,0,0,16,1.9408185929999995,623,16,7,0,0,23,482,2,2,0.038728697,0.0
WC2018,7578,2018-06-15,Group Stage,Björn Kuipers,Egypt,Uruguay,29,10,3,22,0,0,8,0.364488455,469,6,16,1,0,47,368,0,0,0.0,0.0
WC2018,7553,2018-06-23,Group Stage,Milorad Mažić,South Korea,Mexico,37,13,1,18,0,1,17,0.8217932520000001,360,8,26,3,0,24,338,0,1,0.026791243,0.0
WC2018,7553,2018-06-23,Group Stage,Milorad Mažić,Mexico,South Korea,42,17,5,21,1,0,13,1.09405172,495,23,8,0,0,28,330,2,0,0.0,0.7835
WC2018,7536,2018-06-18,Group Stage,Janny Sikazwe,Panama,Belgium,13,5,3,28,0,0,7,0.62535498,364,16,20,5,0,29,276,2,1,0.009304588,0.0
WC2018,7536,2018-06-18,Group Stage,Janny Sikazwe,Belgium,Panama,70,22,10,9,0,0,15,1.212055155,610,20,17,3,0,23,464,2,3,0.163366502,0.0
WC2018,7555,2018-06-24,Group Stage,César Arturo Ramos Palazuelos,Poland,Colombia,29,11,1,29,0,0,11,1.114197838,448,10,17,2,0,33,277,0,0,0.0,0.0
WC2018,7555,2018-06-24,Group Stage,César Arturo Ramos Palazuelos,Colombia,Poland,33,13,2,29,0,0,13,1.3869427573000002,548,17,11,0,0,38,434,0,1,0.0061194333,0.0
WC2018,7576,2018-06-15,Group Stage,Gianluca Rocchi,Portugal,Spain,30,11,4,10,1,0,9,0.651095789,388,11,13,1,0,15,269,2,2,0.095791321,0.7835
WC2018,7576,2018-06-15,Group Stage,Gianluca Rocchi,Spain,Portugal,47,11,2,10,0,1,12,1.6609466705,780,12,11,1,0,21,568,1,1,0.05749292,0.0
WC2018,7565,2018-06-27,Group Stage,Alireza Faghani,Brazil,Serbia,62,21,0,31,0,0,15,1.419809182,653,12,7,0,0,30,433,0,0,0.0,0.0
WC2018,7565,2018-06-27,Group Stage,Alireza Faghani,Serbia,Brazil,59,17,0,27,0,0,11,0.9483194610000001,447,7,14,3,0,28,458,0,0,0.0,0.0
WC2018,7551,2018-06-23,Group Stage,Szymon Marciniak,Germany,Sweden,68,23,4,15,0,0,18,1.318084832,718,16,12,2,1,26,923,3,0,0.0,0.0
WC2018,7551,2018-06-23,Group Stage,Szymon Marciniak,Sweden,Germany,21,9,2,43,0,0,7,0.8151666949999999,234,10,17,2,0,16,159,0,0,0.0,0.0
WC2018,7537,2018-06-18,Group Stage,Wilmar Alexander Roldán Pérez,Tunisia,England,6,3,2,23,1,0,5,0.16215321200000002,368,9,15,0,0,36,150,0,0,0.0,0.7835
WC2018,7537,2018-06-18,Group Stage,Wilmar Alexander Roldán Pérez,England,Tunisia,72,26,6,6,0,1,18,2.626449744999999,570,14,9,1,0,14,504,2,2,0.11588943,0.0
WC2018,7580,2018-06-30,Round of 16,Alireza Faghani,France,Argentina,33,11,6,23,1,0,8,0.854527032,350,14,23,2,0,32,187,2,2,0.15658881,0.7835
WC2018,7580,2018-06-30,Round of 16,Alireza Faghani,Argentina,France,40,14,7,8,0,1,12,1.446559447,535,23,14,4,0,24,452,3,1,0.030227054,0.0
WC2018,7581,2018-07-01,Round of 16,Néstor Fabián Pitana,Croatia,Denmark,50,19,3,28,1,0,20,1.3867355979999998,665,19,7,0,0,23,427,1,1,0.06305066,0.7835
WC2018,7581,2018-07-01,Round of 16,Néstor Fabián Pitana,Denmark,Croatia,59,15,0,33,0,1,14,0.696494755,581,6,19,1,0,17,324,0,0,0.0,0.0
WC2018,7549,2018-06-22,Group Stage,Matthew Conger,Iceland,Nigeria,31,11,5,22,1,0,9,0.768661967,339,10,12,0,0,29,326,0,1,0.054394327,0.7835
WC2018,7549,2018-06-22,Group Stage,Matthew Conger,Nigeria,Iceland,37,12,2,23,0,1,17,1.3121593260000002,529,12,10,1,0,25,365,1,0,0.0,0.0
WC2018,7529,2018-06-16,Group Stage,Sandro Ricci,Croatia,Nigeria,29,13,4,25,1,0,10,0.9109666339999999,503,12,21,2,0,24,317,0,0,0.0,0.7835
WC2018,7529,2018-06-16,Group Stage,Sandro Ricci,Nigeria,Croatia,39,13,4,19,0,1,13,0.7623215977000002,425,20,15,1,0,23,216,1,0,0.0,0.0
WC2018,7562,2018-06-26,Group Stage,Sergey Karasev,Australia,Peru,51,20,4,10,0,0,16,1.6292696250000003,575,12,12,3,0,10,443,3,2,0.071985979,0.0
WC2018,7562,2018-06-26,Group Stage,Sergey Karasev,Peru,Australia,20,9,1,31,0,0,4,0.3363750876,431,12,12,2,0,39,215,1,0,0.0,0.0
WC2018,7571,2018-06-28,Group Stage,Milorad Mažić,Colombia,Senegal,11,6,3,10,0,0,4,0.28486186999999996,466,15,16,1,0,20,183,1,1,0.048187166,0.0
WC2018,7571,2018-06-28,Group Stage,Milorad Mažić,Senegal,Colombia,20,8,4,10,0,0,7,0.360865074,328,15,15,1,0,20,187,0,1,0.047152,0.0
WC2018,7568,2018-06-27,Group Stage,Clément Turpin,Switzerland,Costa Rica,37,14,2,13,0,1,13,1.2196792517,595,15,10,2,0,22,261,0,0,0.0,0.0
WC2018,7568,2018-06-27,Group Stage,Clément Turpin,Costa Rica,Switzerland,46,20,1,23,1,0,13,0.792712685,362,10,15,2,0,14,264,0,0,0.0,0.7835
WC2018,7530,2018-06-16,Group Stage,Andrés Cunha,Australia,France,8,4,4,24,1,1,4,0.196531062,444,15,20,3,0,39,173,0,0,0.0,0.7835
WC2018,7530,2018-06-16,Group Stage,Andrés Cunha,France,Australia,33,13,5,15,1,1,11,0.778057064,549,20,17,1,0,22,432,2,2,0.059988278,0.7835
WC2018,7558,2018-06-25,Group Stage,Malang Diedhiou,Uruguay,Russia,43,11,5,7,0,0,16,2.4825809298,526,18,19,1,0,27,335,2,2,0.185436,0.0
WC2018,7558,2018-06-25,Group Stage,Malang Diedhiou,Russia,Uruguay,21,7,5,17,0,0,3,0.180184531,380,19,19,2,1,15,319,2,0,0.0,0.0
WC2018,7583,2018-07-02,Round of 16,Gianluca Rocchi,Mexico,Brazil,50,17,1,22,0,0,14,0.5827998199999999,429,8,19,4,0,27,378,0,0,0.0,0.0
WC2018,7583,2018-07-02,Round of 16,Gianluca Rocchi,Brazil,Mexico,86,21,5,28,0,0,19,3.320421268,410,19,8,2,0,34,343,1,1,0.017940922,0.0
WC2018,7547,2018-06-21,Group Stage,Antonio Miguel Mateu Lahoz,Australia,Denmark,38,14,1,21,1,0,12,0.6286918910000001,533,6,6,0,0,21,372,0,0,0.0,0.7835
WC2018,7547,2018-06-21,Group Stage,Antonio Miguel Mateu Lahoz,Denmark,Australia,51,18,3,26,0,1,10,1.014444774,478,6,7,2,0,28,358,1,0,0.0,0.0
WC2018,7535,2018-06-17,Group Stage,Malang Diedhiou,Costa Rica,Serbia,36,16,2,17,0,0,10,0.5960217237,481,13,18,2,0,27,349,1,0,0.0,0.0
WC2018,7535,2018-06-17,Group Stage,Malang Diedhiou,Serbia,Costa Rica,46,17,2,28,0,0,12,1.9925690040000001,439,18,13,2,0,34,318,1,1,0.009479726,0.0
WC2018,8649,2018-07-06,Quarter-finals,Néstor Fabián Pitana,Uruguay,France,32,12,2,17,0,0,10,0.693195278,352,18,22,2,0,38,311,0,0,0.0,0.0
WC2018,8649,2018-07-06,Quarter-finals,Néstor Fabián Pitana,France,Uruguay,24,11,6,36,0,0,11,0.5387829577000001,567,21,18,2,0,31,480,0,1,0.0325434,0.0
WC2018,8658,2018-07-15,Final,Néstor Fabián Pitana,Croatia,France,57,21,6,13,0,1,15,1.4802876897,554,14,14,1,0,29,415,0,0,0.0,0.0
WC2018,8658,2018-07-15,Final,Néstor Fabián Pitana,France,Croatia,20,8,4,33,1,0,7,0.31446360800000006,292,13,14,1,0,24,137,2,0,0.0,0.7835
WC2018,7582,2018-07-01,Round of 16,Björn Kuipers,Russia,Spain,32,11,1,42,1,0,7,0.6229268090000001,326,5,21,2,0,29,255,0,0,0.0,0.7835
WC2018,7582,2018-07-01,Round of 16,Björn Kuipers,Spain,Russia,61,24,8,20,0,1,24,1.4411031539999999,1157,19,6,1,0,33,1016,2,0,0.0,0.0
WC2018,7552,2018-06-23,Group Stage,Jair Marrufo,Tunisia,Belgium,25,10,2,16,0,1,17,1.1881780826,467,12,15,1,0,14,392,1,0,0.0,0.0
WC2018,7552,2018-06-23,Group Stage,Jair Marrufo,Belgium,Tunisia,57,22,3,15,1,0,22,4.552922205000001,475,15,13,0,0,15,331,0,0,0.0,0.7835
WC2018,7532,2018-06-16,Group Stage,Bakary Papa Gassama,Peru,Denmark,82,24,4,20,1,0,16,1.1428781920000002,435,19,12,1,0,28,467,0,0,0.0,0.7835
WC2018,7532,2018-06-16,Group Stage,Bakary Papa Gassama,Denmark,Peru,34,15,2,25,0,1,11,1.1215676380000001,402,11,21,2,0,28,353,2,1,0.07605611,0.0
WC2018,7560,2018-06-25,Group Stage,Ravshan Irmatov,Spain,Morocco,85,27,6,5,0,0,18,2.6044931,753,18,6,0,0,20,706,2,0,0.0,0.0
WC2018,7560,2018-06-25,Group Stage,Ravshan Irmatov,Morocco,Spain,18,7,0,30,0,0,8,1.071760675,251,6,18,6,0,23,124,0,0,0.0,0.0
WC2018,7533,2018-06-17,Group Stage,César Arturo Ramos Palazuelos,Switzerland,Brazil,21,9,1,31,0,0,7,0.4721066513,458,11,21,2,0,24,318,0,0,0.0,0.0
WC2018,7533,2018-06-17,Group Stage,César Arturo Ramos Palazuelos,Brazil,Switzerland,61,22,11,15,0,0,21,1.8665897939999998,555,21,12,1,0,16,451,0,1,0.04032603,0.0
WC2018,7564,2018-06-26,Group Stage,Cüneyt Çakιr,Argentina,Nigeria,39,16,4,14,0,1,8,0.8505598590000001,595,19,17,3,0,23,422,2,1,0.091842376,0.0
WC2018,7564,2018-06-26,Group Stage,Cüneyt Çakιr,Nigeria,Argentina,20,9,3,16,1,0,8,0.521845181,322,17,21,2,0,23,190,1,1,0.046227314,0.7835
WC2018,7579,2018-06-30,Round of 16,César Arturo Ramos Palazuelos,Uruguay,Portugal,16,7,1,32,0,0,7,0.47600794099999993,291,12,14,0,0,35,193,0,1,0.043902274,0.0
WC2018,7579,2018-06-30,Round of 16,César Arturo Ramos Palazuelos,Portugal,Uruguay,59,26,2,16,0,0,21,0.9955767280999999,593,14,13,1,0,25,825,1,1,0.0663582,0.0
WC2018,7577,2018-06-15,Group Stage,Cüneyt Çakιr,Morocco,Iran,37,10,1,17,0,0,14,1.0591950264999999,492,16,22,1,0,18,297,1,0,0.0,0.0
WC2018,7577,2018-06-15,Group Stage,Cüneyt Çakιr,Iran,Morocco,18,4,2,18,0,0,8,0.6975558777,267,21,16,3,0,31,137,1,2,0.0150405117,0.0
WC2018,7525,2018-06-14,Group Stage,Néstor Fabián Pitana,Russia,Saudi Arabia,50,19,3,7,0,0,14,1.2816009420000003,388,12,23,1,0,26,334,1,1,0.0744545,0.0
WC2018,7525,2018-06-14,Group Stage,Néstor Fabián Pitana,Saudi Arabia,Russia,13,6,2,22,0,0,6,0.24880649999999999,572,23,12,1,0,43,301,0,0,0.0,0.0
WC2018,7566,2018-06-27,Group Stage,Néstor Fabián Pitana,Sweden,Mexico,36,12,4,30,1,0,14,2.0069868150000003,254,14,18,2,0,27,151,0,1,0.007870639,0.7835
WC2018,7566,2018-06-27,Group Stage,Néstor Fabián Pitana,Mexico,Sweden,52,18,4,14,0,1,22,1.6107035277000001,508,17,16,3,0,15,456,3,1,0.03963313,0.0
WC2018,8651,2018-07-07,Quarter-finals,Björn Kuipers,England,Sweden,68,21,3,10,0,0,12,0.75823599,563,12,8,1,0,20,486,2,0,0.0,0.0
WC2018,8651,2018-07-07,Quarter-finals,Björn Kuipers,Sweden,England,21,7,2,45,0,0,8,0.8341866389999999,400,8,14,2,0,31,188,1,1,0.08177389,0.0
WC2018,7567,2018-06-27,Group Stage,Mark Geiger,Germany,South Korea,115,39,3,13,0,0,29,2.706400562,734,15,7,0,0,20,905,0,0,0.0,0.0
WC2018,7567,2018-06-27,Group Stage,Mark Geiger,South Korea,Germany,35,11,1,47,0,0,12,1.774630282,259,6,16,4,0,24,186,0,1,0.019010931,0.0
WC2018,7541,2018-06-19,Group Stage,Damir Skomina,Colombia,Japan,28,13,2,15,0,1,10,0.8062560289999999,422,11,15,2,1,34,304,1,1,0.010644076,0.0
WC2018,7541,2018-06-19,Group Stage,Damir Skomina,Japan,Colombia,42,16,3,19,1,0,13,1.5371739599999996,630,14,11,0,0,31,500,1,0,0.0,0.7835
WC2018,8655,2018-07-10,Semi-finals,Andrés Cunha,France,Belgium,50,19,4,23,0,0,19,1.681686764,367,17,6,2,0,12,293,3,1,0.028889349,0.0
WC2018,8655,2018-07-10,Semi-finals,Andrés Cunha,Belgium,France,43,13,1,17,0,0,9,0.5668682939999999,623,6,17,3,0,17,479,0,0,0.0,0.0
WC2018,8657,2018-07-14,3rd Place Final,Alireza Faghani,England,Belgium,54,21,4,14,0,0,15,1.335356625,685,11,4,2,0,11,655,0,0,0.0,0.0
WC2018,8657,2018-07-14,3rd Place Final,Alireza Faghani,Belgium,England,49,19,0,28,0,0,11,1.32065846,499,4,12,1,0,17,433,0,0,0.0,0.0
WC2018,8652,2018-07-07,Quarter-finals,Sandro Ricci,Croatia,Russia,60,17,3,25,0,0,18,1.650474576,771,23,18,4,0,17,541,2,1,0.045481052,0.0
WC2018,8652,2018-07-07,Quarter-finals,Sandro Ricci,Russia,Croatia,50,18,3,37,0,0,13,1.070939122,417,15,24,1,0,24,284,0,0,0.0,0.0
WC2018,7563,2018-06-26,Group Stage,Sandro Ricci,France,Denmark,39,14,2,10,0,0,11,0.41814049500000006,699,11,10,0,0,16,716,0,0,0.0,0.0
WC2018,7563,2018-06-26,Group Stage,Sandro Ricci,Denmark,France,10,3,1,22,0,0,5,0.13895808480000002,342,10,11,1,0,30,205,0,1,0.008512876,0.0
WC2018,7556,2018-06-24,Group Stage,Gianluca Rocchi,Senegal,Japan,55,21,3,13,0,0,15,1.8782642929999998,392,9,15,3,0,25,352,1,0,0.0,0.0
WC2018,7556,2018-06-24,Group Stage,Gianluca Rocchi,Japan,Senegal,32,7,2,26,0,0,7,0.982192996,476,15,9,2,0,33,239,0,0,0.0,0.0
WC2018,7559,2018-06-25,Group Stage,Wilmar Alexander Roldán Pérez,Saudi Arabia,Egypt,50,14,5,14,2,0,19,0.9788154759999999,674,15,9,0,0,18,761,1,2,0.09632067999999999,1.567
WC2018,7559,2018-06-25,Group Stage,Wilmar Alexander Roldán Pérez,Egypt,Saudi Arabia,42,16,2,31,0,2,8,0.92372594,379,9,17,2,0,15,218,1,0,0.0,0.0
WC2022,3857276,2022-12-01,Group Stage,Raphael Claus,Canada,Morocco,23,8,2,9,0,0,5,1.095618012,562,15,16,4,0,21,312,0,0,0.0,0.0
WC2022,3857276,2022-12-01,Group Stage,Raphael Claus,Morocco,Canada,18,5,3,25,0,0,7,0.42640382499999996,393,16,15,0,0,42,172,0,1,0.02207015,0.0
WC2022,3857271,2022-11-21,Group Stage,Raphael Claus,England,Iran,48,14,4,5,0,1,13,1.987157745,846,17,9,0,0,30,451,0,1,0.042866398,0.0
WC2022,3857271,2022-11-21,Group Stage,Raphael Claus,Iran,England,14,6,3,32,1,0,7,0.6721585987,247,9,21,2,0,25,149,2,0,0.0,0.7835
WC2022,3857296,2022-12-01,Group Stage,Anthony Taylor,Croatia,Belgium,67,25,1,28,0,0,11,0.695021896,609,10,11,0,0,22,493,0,0,0.0,0.0
WC2022,3857296,2022-12-01,Group Stage,Anthony Taylor,Belgium,Croatia,59,16,1,25,0,0,16,2.3818400918,630,10,10,1,0,24,348,0,0,0.0,0.0
WC2022,3857274,2022-11-25,Group Stage,Mustapha Ghorbal,Ecuador,Netherlands,30,9,1,10,0,0,15,1.651054305,463,14,13,1,0,45,244,0,0,0.0,0.0
WC2022,3857274,2022-11-25,Group Stage,Mustapha Ghorbal,Netherlands,Ecuador,6,3,1,25,0,0,2,0.104464025,552,12,16,0,0,49,222,0,0,0.0,0.0
WC2022,3857255,2022-12-01,Group Stage,Victor Miguel de Freitas Gomes,Spain,Japan,42,17,1,6,0,0,12,0.8577122079999999,1093,11,8,0,0,28,817,0,0,0.0,0.0
WC2022,3857255,2022-12-01,Group Stage,Victor Miguel de Freitas Gomes,Japan,Spain,28,9,1,26,0,0,6,1.157800672,253,8,11,3,0,27,126,0,0,0.0,0.0
WC2022,3857272,2022-11-25,Group Stage,Jesús Valenzuela Sáez,England,United States,51,20,3,22,0,0,8,0.460638346,582,15,11,0,0,19,368,0,0,0.0,0.0
WC2022,3857272,2022-11-25,Group Stage,Jesús Valenzuela Sáez,United States,England,36,15,0,24,0,0,10,0.514287002,456,11,16,0,0,36,278,0,0,0.0,0.0
WC2022,3857278,2022-11-29,Group Stage,Antonio Miguel Mateu Lahoz,United States,Iran,49,17,0,21,0,0,12,1.169654601,517,17,13,1,0,37,437,0,1,0.080397844,0.0
WC2022,3857278,2022-11-29,Group Stage,Antonio Miguel Mateu Lahoz,Iran,United States,24,10,2,21,0,0,4,0.9207899420000001,515,11,21,3,0,41,260,1,0,0.0,0.0
WC2022,3857277,2022-11-23,Group Stage,Fernando Andrés Rapallini,Croatia,Morocco,33,12,3,12,0,0,5,0.8498605050000001,686,17,12,0,0,37,295,0,0,0.0,0.0
WC2022,3857277,2022-11-23,Group Stage,Fernando Andrés Rapallini,Morocco,Croatia,15,5,3,24,0,0,8,0.36263897600000006,384,12,18,1,0,36,194,1,1,0.06625415,0.0
WC2022,3857273,2022-11-25,Group Stage,Mario Alberto Escobar Toca,Wales,Iran,35,11,2,37,0,0,10,0.6156351910000001,559,10,9,1,1,26,357,1,0,0.0,0.0
WC2022,3857273,2022-11-25,Group Stage,Mario Alberto Escobar Toca,Iran,Wales,45,17,2,19,0,0,21,1.4539579476000002,363,9,10,2,0,44,279,0,0,0.0,0.0
WC2022,3857275,2022-11-30,Group Stage,Matthew Conger,Tunisia,France,28,12,2,33,0,0,5,0.298346986,361,8,16,1,0,44,237,0,0,0.0,0.0
WC2022,3857275,2022-11-30,Group Stage,Matthew Conger,France,Tunisia,42,15,1,18,0,0,10,0.47698937399999997,661,16,8,0,0,42,458,1,1,0.06416701,0.0
WC2022,3857261,2022-11-29,Group Stage,Slavko Vinčić,England,Wales,78,25,3,5,0,0,18,2.91548517,630,17,11,0,0,20,435,1,1,0.05780817,0.0
WC2022,3857261,2022-11-29,Group Stage,Slavko Vinčić,Wales,England,12,6,1,23,0,0,7,0.208009498,351,11,19,2,0,34,134,0,1,0.031328887,0.0
WC2022,3857290,2022-11-24,Group Stage,Facundo Tello Figueroa,Switzerland,Cameroon,30,13,1,20,0,0,7,1.426544536,549,10,14,2,0,29,346,0,0,0.0,0.0
WC2022,3857290,2022-11-24,Group Stage,Facundo Tello Figueroa,Cameroon,Switzerland,31,8,5,24,0,0,8,0.6130733495,533,13,10,1,0,33,342,0,0,0.0,0.0
WC2022,3857298,2022-11-24,Group Stage,Ismail Elfath,Portugal,Ghana,50,22,6,13,1,0,10,1.313373393,665,20,15,2,0,31,476,1,0,0.0,0.7835
WC2022,3857298,2022-11-24,Group Stage,Ismail Elfath,Ghana,Portugal,15,5,1,23,0,1,9,0.7800233097,415,15,20,4,0,47,157,0,0,0.0,0.0
WC2022,3857285,2022-11-21,Group Stage,Wilton Pereira Sampaio,Netherlands,Senegal,40,14,3,18,0,0,10,1.1238838,491,12,16,1,0,29,337,2,0,0.0,0.0
WC2022,3857285,2022-11-21,Group Stage,Wilton Pereira Sampaio,Senegal,Netherlands,55,19,3,31,0,0,15,0.6914927064999999,430,16,13,2,0,35,441,2,0,0.0,0.0
WC2022,3857282,2022-11-21,Group Stage,Abdulrahman Ibrahim Al Jassim,Wales,United States,32,12,2,30,1,0,6,0.6118360119999999,443,16,10,2,0,40,213,0,0,0.0,0.7835
WC2022,3857282,2022-11-21,Group Stage,Abdulrahman Ibrahim Al Jassim,United States,Wales,37,11,1,20,0,1,6,0.6024987946,610,10,17,4,0,32,409,0,0,0.0,0.0
WC2022,3857297,2022-11-26,Group Stage,Wilton Pereira Sampaio,Poland,Saudi Arabia,40,15,0,32,0,1,9,1.734172485,337,15,18,3,0,31,254,0,0,0.0,0.0
WC2022,3857297,2022-11-26,Group Stage,Wilton Pereira Sampaio,Saudi Arabia,Poland,61,24,4,16,1,0,16,1.188476484,582,17,16,2,0,38,566,1,1,0.0660456,0.7835
WC2022,3857294,2022-11-29,Group Stage,Bakary Papa Gassama,Qatar,Netherlands,16,7,2,16,0,0,5,0.143716575,486,18,8,0,0,26,280,1,0,0.0,0.0
WC2022,3857294,2022-11-29,Group Stage,Bakary Papa Gassama,Netherlands,Qatar,43,12,0,10,0,0,13,1.7139532729999998,832,7,19,1,0,25,643,0,0,0.0,0.0
WC2022,3857266,2022-11-26,Group Stage,Szymon Marciniak,France,Denmark,78,26,3,21,0,0,21,1.9335694290000003,540,11,4,1,0,41,376,0,0,0.0,0.0
WC2022,3857266,2022-11-26,Group Stage,Szymon Marciniak,Denmark,France,28,10,1,31,0,0,10,0.888543842,567,4,11,2,0,41,411,0,0,0.0,0.0
WC2022,3857284,2022-11-23,Group Stage,Ivan Arcides Barton Cisneros,Germany,Japan,96,30,4,13,1,0,25,1.9845194209999997,826,13,7,0,0,29,662,0,0,0.0,0.7835
WC2022,3857284,2022-11-23,Group Stage,Ivan Arcides Barton Cisneros,Japan,Germany,35,14,0,38,0,1,12,1.2492595809999998,294,7,15,0,0,48,166,0,0,0.0,0.0
WC2022,3857254,2022-11-22,Group Stage,César Arturo Ramos Palazuelos,Tunisia,Denmark,27,10,1,42,0,0,13,1.0599351179999998,417,13,10,1,0,46,162,0,0,0.0,0.0
WC2022,3857254,2022-11-22,Group Stage,César Arturo Ramos Palazuelos,Denmark,Tunisia,44,21,2,17,0,0,11,1.5665587579999998,646,9,13,2,0,30,443,1,0,0.0,0.0
WC2022,3857265,2022-11-22,Group Stage,Chris Beath,Poland,Mexico,15,5,2,29,1,0,5,0.35442622799999995,362,14,15,1,0,31,225,0,0,0.0,0.7835
WC2022,3857265,2022-11-22,Group Stage,Chris Beath,Mexico,Poland,41,14,1,21,0,1,11,0.5291349314,544,14,14,2,0,43,376,0,0,0.0,0.0
WC2022,3857301,2022-11-25,Group Stage,Antonio Miguel Mateu Lahoz,Qatar,Senegal,31,12,3,23,0,0,10,0.9600861729999999,452,13,11,3,0,34,201,1,0,0.0,0.0
WC2022,3857301,2022-11-25,Group Stage,Antonio Miguel Mateu Lahoz,Senegal,Qatar,36,13,1,23,0,0,12,0.9029646219999999,547,10,13,3,0,23,448,0,0,0.0,0.0
WC2022,3857268,2022-11-23,Group Stage,Janny Sikazwe,Canada,Belgium,73,26,1,8,1,0,21,1.7627123359999999,480,10,15,2,0,22,424,0,0,0.0,0.7835
WC2022,3857268,2022-11-23,Group Stage,Janny Sikazwe,Belgium,Canada,29,13,1,42,0,1,9,0.6700408539999999,534,15,11,3,0,29,178,0,0,0.0,0.0
WC2022,3857269,2022-11-28,Group Stage,Ivan Arcides Barton Cisneros,Switzerland,Brazil,26,9,1,34,0,0,6,0.288629175,513,10,18,1,0,33,212,0,0,0.0,0.0
WC2022,3857269,2022-11-28,Group Stage,Ivan Arcides Barton Cisneros,Brazil,Switzerland,45,21,7,17,0,0,13,0.922729946,597,18,10,1,0,32,536,4,0,0.0,0.0
WC2022,3869321,2022-12-09,Quarter-finals,Antonio Miguel Mateu Lahoz,Netherlands,Argentina,32,10,7,19,0,1,7,0.569537827,691,20,37,5,0,33,316,2,1,0.08017064,0.0
WC2022,3869321,2022-12-09,Quarter-finals,Antonio Miguel Mateu Lahoz,Argentina,Netherlands,47,15,5,20,1,0,13,1.1556971310000004,640,37,22,8,0,43,413,0,1,0.07608311,0.7835
WC2022,3857292,2022-12-01,Group Stage,Stéphanie Frappart,Germany,Costa Rica,130,41,0,10,0,0,31,4.316106397,766,4,9,0,0,28,864,0,0,0.0,0.0
WC2022,3857292,2022-12-01,Group Stage,Stéphanie Frappart,Costa Rica,Germany,23,8,1,52,0,0,7,1.0347440669999999,374,9,4,1,0,38,161,0,0,0.0,0.0
WC2022,3857295,2022-11-27,Group Stage,Michael Oliver,Costa Rica,Japan,8,3,3,27,0,0,4,0.199368384,470,23,13,3,0,37,102,0,0,0.0,0.0
WC2022,3857295,2022-11-27,Group Stage,Michael Oliver,Japan,Costa Rica,30,11,6,8,0,0,13,0.773533495,619,13,24,3,0,26,455,2,2,0.18586648,0.0
WC2022,3869685,2022-12-18,Final,Szymon Marciniak,France,Argentina,34,12,6,23,2,1,8,0.7056179490000001,570,26,19,3,0,48,312,3,0,0.0,1.567
WC2022,3869685,2022-12-18,Final,Szymon Marciniak,Argentina,France,53,19,2,26,1,2,19,1.9748059260000002,693,18,29,4,0,50,481,0,0,0.0,0.7835
WC2022,3869684,2022-12-17,3rd Place Final,Abdulrahman Ibrahim Al Jassim,Croatia,Morocco,40,15,2,17,0,0,12,0.8492689635999999,528,15,14,0,0,26,285,0,0,0.0,0.0
WC2022,3869684,2022-12-17,3rd Place Final,Abdulrahman Ibrahim Al Jassim,Morocco,Croatia,24,11,2,20,0,0,9,0.99145712,512,14,15,2,0,25,306,0,0,0.0,0.0
WC2022,3857256,2022-12-02,Group Stage,Fernando Andrés Rapallini,Switzerland,Serbia,45,11,1,24,0,0,14,3.1035154719999998,445,20,14,4,0,34,287,1,0,0.0,0.0
WC2022,3857256,2022-12-02,Group Stage,Fernando Andrés Rapallini,Serbia,Switzerland,43,16,3,12,0,0,12,1.1890035350000001,521,14,21,7,0,34,312,2,0,0.0,0.0
WC2022,3869151,2022-12-03,Round of 16,Szymon Marciniak,Australia,Argentina,26,9,2,12,0,0,5,0.42611782,478,8,18,2,0,30,180,1,0,0.0,0.0
WC2022,3869151,2022-12-03,Round of 16,Szymon Marciniak,Argentina,Australia,51,16,3,20,0,0,14,1.4815793030000002,728,16,9,0,0,33,433,1,0,0.0,0.0
WC2022,3857257,2022-11-30,Group Stage,Mustapha Ghorbal,Australia,Denmark,18,8,0,33,0,0,8,0.469723377,350,9,12,2,0,40,254,0,0,0.0,0.0
WC2022,3857257,2022-11-30,Group Stage,Mustapha Ghorbal,Denmark,Australia,66,25,3,17,0,0,14,0.7371546319999999,715,11,10,1,0,50,517,1,0,0.0,0.0
WC2022,3857258,2022-11-24,Group Stage,Alireza Faghani,Brazil,Serbia,80,26,2,17,0,0,23,2.1238895187000004,618,11,8,0,0,39,575,2,1,0.06281959,0.0
WC2022,3857258,2022-11-24,Group Stage,Alireza Faghani,Serbia,Brazil,8,3,0,25,0,0,5,0.16332714399999998,446,7,11,3,0,33,222,0,0,0.0,0.0
WC2022,3857288,2022-11-26,Group Stage,Daniel Siebert,Tunisia,Australia,57,18,2,25,0,0,14,1.0521703449999997,548,14,15,3,0,53,339,0,0,0.0,0.0
WC2022,3857288,2022-11-26,Group Stage,Daniel Siebert,Australia,Tunisia,29,12,2,37,0,0,9,0.3590377687,404,12,16,0,0,53,301,1,0,0.0,0.0
WC2022,3857267,2022-11-29,Group Stage,Clément Turpin,Ecuador,Senegal,23,9,2,22,0,1,9,1.0016627869999999,465,8,23,0,0,39,233,0,1,0.021615954,0.0
WC2022,3857267,2022-11-29,Group Stage,Clément Turpin,Senegal,Ecuador,35,15,3,20,1,0,12,0.92396471,311,22,10,1,0,31,279,1,0,0.0,0.7835
WC2022,3857287,2022-11-24,Group Stage,Clément Turpin,Uruguay,South Korea,33,14,2,15,0,0,10,0.417294332,570,11,7,1,0,40,338,0,0,0.0,0.0
WC2022,3857287,2022-11-24,Group Stage,Clément Turpin,South Korea,Uruguay,25,9,0,17,0,0,7,0.492992523,463,7,11,1,0,47,419,0,0,0.0,0.0
WC2022,3869486,2022-12-10,Quarter-finals,Facundo Tello Figueroa,Portugal,Morocco,40,19,4,4,0,0,12,0.7441207567,731,17,9,1,0,26,495,1,0,0.0,0.0
WC2022,3869486,2022-12-10,Quarter-finals,Facundo Tello Figueroa,Morocco,Portugal,17,8,2,44,0,0,9,0.9720228750000001,249,9,18,3,1,28,87,1,0,0.0,0.0
WC2022,3857260,2022-11-30,Group Stage,Michael Oliver,Saudi Arabia,Mexico,25,9,3,33,0,0,10,1.076111142,322,16,21,6,0,37,216,1,1,0.073429175,0.0
WC2022,3857260,2022-11-30,Group Stage,Michael Oliver,Mexico,Saudi Arabia,52,21,7,10,0,0,26,2.3221233279,488,21,18,1,0,34,335,1,4,0.1116783535,0.0
WC2022,3857264,2022-11-30,Group Stage,Danny Desmond Makkelie,Poland,Argentina,6,3,1,35,0,1,4,0.197595245,337,12,9,1,0,32,95,0,0,0.0,0.0
WC2022,3857264,2022-11-30,Group Stage,Danny Desmond Makkelie,Argentina,Poland,95,33,3,6,1,0,23,2.293159699,909,9,12,1,0,27,860,0,0,0.0,0.7835
WC2022,3857289,2022-11-26,Group Stage,Daniele Orsato,Mexico,Argentina,14,5,6,13,0,0,4,0.20639165169999998,403,14,21,4,0,39,232,0,1,0.05948228,0.0
WC2022,3857289,2022-11-26,Group Stage,Daniele Orsato,Argentina,Mexico,16,6,5,10,0,0,5,0.325204139,567,20,15,1,0,38,346,2,1,0.067327775,0.0
WC2022,3869254,2022-12-06,Round of 16,César Arturo Ramos Palazuelos,Portugal,Switzerland,45,19,2,15,0,0,15,2.2842600070000003,488,15,14,0,0,28,253,0,1,0.028790973,0.0
WC2022,3869254,2022-12-06,Round of 16,César Arturo Ramos Palazuelos,Switzerland,Portugal,19,9,1,23,0,0,10,1.2718271719999998,528,14,15,2,0,20,314,0,1,0.023890225,0.0
WC2022,3869118,2022-12-04,Round of 16,Ivan Arcides Barton Cisneros,England,Senegal,43,16,5,14,0,0,8,1.0200234609999999,626,13,16,0,0,36,353,0,0,0.0,0.0
WC2022,3869118,2022-12-04,Round of 16,Ivan Arcides Barton Cisneros,Senegal,England,20,8,3,12,0,0,10,0.972806433,408,16,13,1,0,25,209,0,2,0.054162106,0.0
WC2022,3869519,2022-12-13,Semi-finals,Daniele Orsato,Croatia,Argentina,20,9,4,11,0,1,12,0.4100536413,648,20,10,2,0,29,450,0,1,0.00752127,0.0
WC2022,3869519,2022-12-13,Semi-finals,Daniele Orsato,Argentina,Croatia,32,12,3,20,1,0,8,1.0808632720000002,432,10,20,2,0,34,264,1,0,0.0,0.7835
WC2022,3869354,2022-12-10,Quarter-finals,Wilton Pereira Sampaio,England,France,42,16,7,16,2,0,14,0.7855514769999999,554,15,10,1,0,43,365,2,2,0.13512005,1.567
WC2022,3869354,2022-12-10,Quarter-finals,Wilton Pereira Sampaio,France,England,39,13,3,29,0,2,8,0.839362034,412,10,15,3,0,31,329,2,0,0.0,0.0
WC2022,3869552,2022-12-14,Semi-finals,César Arturo Ramos Palazuelos,France,Morocco,43,14,2,33,0,0,14,2.002449116,387,13,14,0,0,33,186,1,0,0.0,0.0
WC2022,3869552,2022-12-14,Semi-finals,César Arturo Ramos Palazuelos,Morocco,France,52,16,3,11,0,0,13,1.23036399,615,14,14,1,0,38,365,1,0,0.0,0.0
WC2022,3869420,2022-12-09,Quarter-finals,Michael Oliver,Croatia,Brazil,36,14,2,41,0,0,9,0.6328888039999999,737,23,23,2,0,48,430,1,0,0.0,0.0
WC2022,3869420,2022-12-09,Quarter-finals,Michael Oliver,Brazil,Croatia,73,24,5,20,0,0,20,1.8163305555000004,747,23,25,3,0,36,613,2,2,0.034298064,0.0
WC2022,3869220,2022-12-06,Round of 16,Fernando Andrés Rapallini,Spain,Morocco,47,20,8,11,0,0,12,0.4949908599,1068,18,14,1,0,29,754,2,0,0.0,0.0
WC2022,3869220,2022-12-06,Round of 16,Fernando Andrés Rapallini,Morocco,Spain,20,6,2,37,0,0,6,0.570374606,365,14,19,1,0,41,147,0,1,0.041958537,0.0
WC2022,3869219,2022-12-05,Round of 16,Ismail Elfath,Croatia,Japan,56,22,0,31,0,0,17,0.8543975060000001,796,13,16,2,0,41,514,0,0,0.0,0.0
WC2022,3869219,2022-12-05,Round of 16,Ismail Elfath,Japan,Croatia,32,12,4,42,0,0,13,1.068976766,582,15,13,0,0,51,393,0,0,0.0,0.0
WC2022,3869253,2022-12-05,Round of 16,Clément Turpin,South Korea,Brazil,23,9,1,21,0,1,8,0.3448272774,555,8,12,1,0,27,447,0,0,0.0,0.0
WC2022,3869253,2022-12-05,Round of 16,Clément Turpin,Brazil,South Korea,64,20,3,9,1,0,17,2.4779240970000007,641,11,8,0,0,32,453,0,1,0.04321825,0.7835
WC2022,3869152,2022-12-04,Round of 16,Jesús Valenzuela Sáez,Poland,France,37,11,3,25,1,0,11,0.810027124,488,10,10,2,0,38,276,0,1,0.042642463,0.7835
WC2022,3869152,2022-12-04,Round of 16,Jesús Valenzuela Sáez,France,Poland,49,16,5,19,0,1,16,1.126374493,593,10,11,1,0,21,521,2,1,0.008752431,0.0
WC2022,3869117,2022-12-03,Round of 16,Wilton Pereira Sampaio,Netherlands,United States,33,13,0,37,0,0,11,1.481948115,439,4,11,2,0,39,240,0,0,0.0,0.0
WC2022,3869117,2022-12-03,Round of 16,Wilton Pereira Sampaio,United States,Netherlands,62,22,2,13,0,0,18,1.652097544,618,11,5,0,0,31,519,0,0,0.0,0.0
WC2022,3857270,2022-11-28,Group Stage,Alireza Faghani,Uruguay,Portugal,25,11,3,18,0,1,11,1.216681074,438,10,16,2,0,31,294,1,0,0.0,0.0
WC2022,3857270,2022-11-28,Group Stage,Alireza Faghani,Portugal,Uruguay,33,13,1,17,1,0,14,0.4302340056,626,13,11,3,0,26,466,0,1,0.026755862,0.7835
WC2022,3857263,2022-11-27,Group Stage,Danny Desmond Makkelie,Germany,Spain,42,13,4,18,0,0,11,1.1469521137,371,13,15,3,0,40,241,1,1,0.053563386,0.0
WC2022,3857263,2022-11-27,Group Stage,Danny Desmond Makkelie,Spain,Germany,34,12,1,16,0,0,7,0.6395007165,663,15,14,1,0,22,274,0,0,0.0,0.0
WC2022,3857259,2022-11-28,Group Stage,Mohamed Abdulla Hassan Mohd,Cameroon,Serbia,38,13,2,24,0,0,13,2.0703093487,395,15,9,2,0,31,285,1,1,0.0070103277,0.0
WC2022,3857259,2022-11-28,Group Stage,Mohamed Abdulla Hassan Mohd,Serbia,Cameroon,63,18,2,18,0,0,15,1.738067283,536,9,16,2,0,37,411,1,0,0.0,0.0
WC2022,3857283,2022-11-27,Group Stage,César Arturo Ramos Palazuelos,Morocco,Belgium,21,9,4,25,0,0,10,0.99110855,347,9,16,1,0,35,192,2,0,0.0,0.0
WC2022,3857283,2022-11-27,Group Stage,César Arturo Ramos Palazuelos,Belgium,Morocco,26,11,3,6,0,0,10,0.6426120820000001,703,16,10,1,0,33,326,2,1,0.007375095,0.0
WC2022,3857286,2022-11-20,Group Stage,Daniele Orsato,Qatar,Ecuador,7,3,0,18,0,1,5,0.30418895050000005,468,14,17,4,0,24,164,0,0,0.0,0.0
WC2022,3857286,2022-11-20,Group Stage,Daniele Orsato,Ecuador,Qatar,33,14,4,4,1,0,5,0.37051129839999997,519,17,14,2,0,33,231,1,0,0.0,0.7835
WC2022,3857300,2022-11-22,Group Stage,Slavko Vinčić,Saudi Arabia,Argentina,24,7,1,35,0,1,3,0.153461642,286,6,22,6,0,38,231,1,0,0.0,0.0
WC2022,3857300,2022-11-22,Group Stage,Slavko Vinčić,Argentina,Saudi Arabia,58,24,4,12,1,0,14,1.7081334460000002,646,22,7,0,0,23,373,1,1,0.056788407,0.7835
WC2022,3857299,2022-11-28,Group Stage,Anthony Taylor,Ghana,South Korea,21,9,2,66,0,0,7,1.1805358279999998,340,15,10,2,0,45,227,0,0,0.0,0.0
WC2022,3857299,2022-11-28,Group Stage,Anthony Taylor,South Korea,Ghana,79,27,3,19,0,0,21,1.3677928149999998,605,10,15,2,0,35,603,1,1,0.034794893,0.0
WC2022,3857293,2022-12-02,Group Stage,Daniel Siebert,Uruguay,Ghana,44,15,5,25,0,1,12,1.6365584506000004,469,19,11,5,0,44,325,0,1,0.0429242,0.0
WC2022,3857293,2022-12-02,Group Stage,Daniel Siebert,Ghana,Uruguay,26,8,3,25,1,0,8,0.609194141,493,11,21,2,0,51,411,0,0,0.0,0.7835
WC2022,3857291,2022-11-23,Group Stage,,Spain,Costa Rica,59,22,4,4,1,0,16,1.9784234730000003,1090,13,8,0,0,29,732,1,1,0.008599174,0.7835
WC2022,3857291,2022-11-23,Group Stage,,Costa Rica,Spain,8,3,1,27,0,1,0,0.0,250,7,14,2,0,38,93,1,0,0.0,0.0
WC2022,3857281,2022-11-27,Group Stage,Andrés Matonte,Canada,Croatia,28,11,3,30,0,0,8,0.28679518099999995,529,15,6,2,0,22,359,1,1,0.011981465,0.0
WC2022,3857281,2022-11-27,Group Stage,Andrés Matonte,Croatia,Canada,62,23,1,22,0,0,13,2.6102110830000003,507,5,15,2,0,45,412,0,0,0.0,0.0
WC2022,3857280,2022-12-02,Group Stage,Ismail Elfath,Brazil,Cameroon,80,26,3,11,0,0,21,2.378218864,593,14,15,2,0,34,469,0,2,0.13001837,0.0
WC2022,3857280,2022-12-02,Group Stage,Ismail Elfath,Cameroon,Brazil,29,13,1,33,0,0,7,0.38336075199999997,333,15,17,5,1,29,202,0,0,0.0,0.0
WC2022,3857279,2022-11-22,Group Stage,Victor Miguel de Freitas Gomes,Australia,France,15,4,1,38,0,0,4,0.32329254,475,4,14,3,0,29,176,1,0,0.0,0.0
WC2022,3857279,2022-11-22,Group Stage,Victor Miguel de Freitas Gomes,France,Australia,96,33,2,6,0,0,23,3.170495788,763,14,4,0,0,28,573,0,0,0.0,0.0
WC2022,3857262,2022-12-02,Group Stage,Facundo Tello Figueroa,Portugal,South Korea,45,16,1,17,0,0,13,0.973722266,619,9,10,0,0,35,459,0,0,0.0,0.0
WC2022,3857262,2022-12-02,Group Stage,Facundo Tello Figueroa,South Korea,Portugal,19,10,2,25,0,0,12,1.3989824739999999,388,10,9,2,0,23,253,0,1,0.023724081,0.0
Copa2024,3939991,2024-07-03,Group Stage,Jesús Valenzuela Sáez,Colombia,Brazil,29,13,4,27,0,0,13,1.5030030165000001,448,15,20,2,0,31,273,2,2,0.0286863825,0.0
Copa2024,3939991,2024-07-03,Group Stage,Jesús Valenzuela Sáez,Brazil,Colombia,45,16,4,23,0,0,7,0.30581762,446,19,16,3,0,36,195,2,2,0.09236592,0.0
Copa2024,3939987,2024-07-01,Group Stage,Maurizio Mariani,Jamaica,Venezuela,24,10,4,34,0,0,8,0.667584843,392,12,7,1,0,22,167,1,0,0.0,0.0
Copa2024,3939987,2024-07-01,Group Stage,Maurizio Mariani,Venezuela,Jamaica,69,27,2,13,0,0,17,1.714409986,436,7,12,1,0,30,423,0,0,0.0,0.0
Copa2024,3939982,2024-06-28,Group Stage,Juan Gabriel Benítez,Uruguay,Bolivia,84,29,3,8,0,0,18,2.3209622755000003,531,18,12,0,0,45,481,1,0,0.0,0.0
Copa2024,3939982,2024-06-28,Group Stage,Juan Gabriel Benítez,Bolivia,Uruguay,10,4,2,36,0,0,4,0.0507624025,353,10,19,1,0,45,106,0,0,0.0,0.0
Copa2024,3939970,2024-06-22,Group Stage,Wilton Pereira Sampaio,Chile,Peru,40,11,4,11,0,0,11,1.024763887,557,21,20,3,0,36,244,1,0,0.0,0.0
Copa2024,3939970,2024-06-22,Group Stage,Wilton Pereira Sampaio,Peru,Chile,24,9,0,24,0,0,7,0.6772752089999999,322,19,23,1,0,51,212,0,0,0.0,0.0
Copa2024,3939980,2024-06-26,Group Stage,Cristián Marcelo Garay Reyes,Jamaica,Ecuador,30,9,2,34,0,1,7,0.934746927,377,9,19,4,0,35,209,0,0,0.0,0.0
Copa2024,3939980,2024-06-26,Group Stage,Cristián Marcelo Garay Reyes,Ecuador,Jamaica,54,20,5,29,1,0,22,1.5823249158000001,315,16,9,0,0,37,281,1,1,0.0076784138,0.7835
Copa2024,3939977,2024-06-26,Group Stage,Andrés Matonte,Chile,Argentina,9,4,2,21,0,0,3,0.1309882215,393,9,13,2,0,30,199,0,0,0.0,0.0
Copa2024,3939977,2024-06-26,Group Stage,Andrés Matonte,Argentina,Chile,60,22,3,9,0,0,22,2.7840603249999996,595,13,9,0,0,28,380,0,0,0.0,0.0
Copa2024,3939975,2024-06-24,Group Stage,Darío Herrera,Paraguay,Colombia,27,8,1,29,0,0,11,0.8275965940000001,291,10,20,2,0,32,164,1,1,0.009730148,0.0
Copa2024,3939975,2024-06-24,Group Stage,Darío Herrera,Colombia,Paraguay,31,13,3,16,0,0,11,0.621920841,561,19,10,1,0,45,304,0,0,0.0,0.0
Copa2024,3939974,2024-06-23,Group Stage,Maurizio Mariani,Bolivia,United States,5,3,1,33,0,0,6,0.1496907824,391,11,20,4,0,24,171,1,1,0.0073583024,0.0
Copa2024,3939974,2024-06-23,Group Stage,Maurizio Mariani,United States,Bolivia,81,29,4,6,0,0,20,2.4046838079999997,581,17,11,1,0,31,464,2,0,0.0,0.0
Copa2024,3939986,2024-06-30,Group Stage,César Arturo Ramos Palazuelos,Peru,Argentina,22,8,3,15,0,1,7,0.1666223537,250,14,24,5,0,28,165,0,0,0.0,0.0
Copa2024,3939986,2024-06-30,Group Stage,César Arturo Ramos Palazuelos,Argentina,Peru,35,13,4,19,1,0,11,1.322276813,667,21,14,1,0,35,260,0,1,0.03344981,0.7835
Copa2024,3939971,2024-06-23,Group Stage,Ismail Elfath,Jamaica,Mexico,32,13,3,36,0,0,13,0.5061592739999999,375,8,7,0,0,45,235,2,1,0.051838364,0.0
Copa2024,3939971,2024-06-23,Group Stage,Ismail Elfath,Mexico,Jamaica,59,25,2,29,0,0,20,1.1360803270000002,565,7,8,0,0,35,419,0,1,0.025718551,0.0
Copa2024,3939979,2024-06-27,Group Stage,Raphael Claus,Mexico,Venezuela,71,25,1,8,1,1,17,1.600822616,530,10,16,2,0,42,419,0,0,0.0,0.7835
Copa2024,3939979,2024-06-27,Group Stage,Raphael Claus,Venezuela,Mexico,24,10,2,39,1,1,9,0.35514079200000004,359,15,12,2,0,39,230,0,0,0.0,0.7835
Copa2024,3939988,2024-07-01,Group Stage,Mario Alberto Escobar Toca,Ecuador,Mexico,38,13,5,52,0,0,9,0.30584925900000004,319,17,12,2,0,55,188,1,3,0.10757396799999999,0.0
Copa2024,3939988,2024-07-01,Group Stage,Mario Alberto Escobar Toca,Mexico,Ecuador,57,19,1,18,0,0,20,0.937626587,454,12,17,5,0,39,344,0,0,0.0,0.0
Copa2024,3939990,2024-07-02,Group Stage,Kevin Ortega,Uruguay,United States,34,11,1,23,0,0,12,1.2715211382,352,12,15,1,0,32,218,0,0,0.0,0.0
Copa2024,3939990,2024-07-02,Group Stage,Kevin Ortega,United States,Uruguay,39,13,3,19,0,0,8,0.470996951,376,13,12,2,0,29,272,0,0,0.0,0.0
Copa2024,3939983,2024-06-29,Group Stage,Piero Maza Gomez,Paraguay,Brazil,20,8,3,25,0,2,15,0.6916759418999999,422,14,17,2,1,39,245,1,1,0.041077945,0.0
Copa2024,3939983,2024-06-29,Group Stage,Piero Maza Gomez,Brazil,Paraguay,46,17,6,19,2,0,15,2.180689849,500,15,14,3,0,29,391,1,1,0.033093035,1.567
Copa2024,3939972,2024-06-22,Group Stage,Wilmar Alexander Roldán Pérez,Ecuador,Venezuela,27,10,5,33,0,0,9,0.7355915667000001,298,16,21,2,1,47,196,0,0,0.0,0.0
Copa2024,3939972,2024-06-22,Group Stage,Wilmar Alexander Roldán Pérez,Venezuela,Ecuador,57,19,3,27,0,0,14,1.5850185390000002,550,20,18,2,0,32,411,2,0,0.0,0.0
Copa2024,3939978,2024-06-25,Group Stage,Mario Alberto Escobar Toca,Canada,Peru,41,17,1,18,0,0,5,0.909048214,405,19,14,1,0,36,282,0,0,0.0,0.0
Copa2024,3939978,2024-06-25,Group Stage,Mario Alberto Escobar Toca,Peru,Canada,26,11,3,16,0,0,9,0.5764393578,406,14,19,0,1,37,231,1,1,0.03990347,0.0
Copa2024,3939976,2024-06-25,Group Stage,César Arturo Ramos Palazuelos,Brazil,Costa Rica,106,33,5,7,0,0,20,1.6211921360000001,748,15,13,1,0,32,787,3,0,0.0,0.0
Copa2024,3939976,2024-06-25,Group Stage,César Arturo Ramos Palazuelos,Costa Rica,Brazil,2,1,1,43,0,0,2,0.036730567000000006,262,12,15,2,0,28,47,1,0,0.0,0.0
Copa2024,3939992,2024-07-03,Group Stage,Yael Falcón Pérez,Paraguay,Costa Rica,27,14,7,7,0,0,17,1.4400627040000002,569,13,17,3,0,27,481,2,1,0.07270941,0.0
Copa2024,3939992,2024-07-03,Group Stage,Yael Falcón Pérez,Costa Rica,Paraguay,8,4,2,27,0,0,2,0.27205455,304,15,14,3,0,33,79,0,0,0.0,0.0
Copa2024,3942416,2024-07-06,Quarter-finals,Maurizio Mariani,Colombia,Panama,28,13,6,21,2,0,5,0.6134045039999999,412,23,15,1,0,30,197,0,0,0.0,1.567
Copa2024,3942416,2024-07-06,Quarter-finals,Maurizio Mariani,Panama,Colombia,25,11,6,15,0,2,14,0.609951584,370,15,23,3,0,28,270,0,2,0.09988529,0.0
Copa2024,3943077,2024-07-15,Final,Raphael Claus,Colombia,Argentina,53,20,4,21,0,0,19,0.9722537355999998,660,11,20,2,0,49,399,1,1,0.039566465,0.0
Copa2024,3943077,2024-07-15,Final,Raphael Claus,Argentina,Colombia,50,18,3,28,0,0,11,1.0827015698,537,19,11,2,0,36,287,0,0,0.0,0.0
Copa2024,3943076,2024-07-14,3rd Place Final,Alexis Herrera,Uruguay,Canada,48,17,5,29,0,0,12,1.516426863,364,19,19,2,0,24,190,3,2,0.091209977,0.0
Copa2024,3943076,2024-07-14,3rd Place Final,Alexis Herrera,Canada,Uruguay,59,18,4,23,0,0,14,2.2878095280000004,379,19,19,3,0,33,314,2,0,0.0,0.0
Copa2024,3942852,2024-07-11,Semi-finals,César Arturo Ramos Palazuelos,Uruguay,Colombia,60,21,3,12,0,0,11,0.754563564,457,16,14,3,0,39,412,0,0,0.0,0.0
Copa2024,3942852,2024-07-11,Semi-finals,César Arturo Ramos Palazuelos,Colombia,Uruguay,35,12,4,18,0,0,11,1.171960657,302,13,16,5,1,34,237,2,0,0.0,0.0
Copa2024,3942785,2024-07-10,Semi-finals,Piero Maza Gomez,Canada,Argentina,42,15,1,7,0,0,9,0.7175667499999999,477,6,16,3,0,18,276,0,0,0.0,0.0
Copa2024,3942785,2024-07-10,Semi-finals,Piero Maza Gomez,Argentina,Canada,31,11,0,12,0,0,11,1.7541940644,506,16,6,1,0,19,170,0,0,0.0,0.0
Copa2024,3942415,2024-07-07,Quarter-finals,Darío Herrera,Uruguay,Brazil,17,7,2,18,0,0,12,0.6298363020000001,282,15,29,2,1,40,201,0,1,0.025268784,0.0
Copa2024,3942415,2024-07-07,Quarter-finals,Darío Herrera,Brazil,Uruguay,17,7,4,20,0,0,7,0.6758747529999999,426,27,16,2,0,35,209,0,3,0.11792158600000001,0.0
Copa2024,3939973,2024-06-24,Group Stage,Piero Maza Gomez,Uruguay,Panama,55,20,3,15,0,0,20,1.3614407430000002,448,12,17,0,0,26,365,0,0,0.0,0.0
Copa2024,3939973,2024-06-24,Group Stage,Piero Maza Gomez,Panama,Uruguay,32,14,5,26,0,0,10,0.540888124,377,17,13,1,0,36,276,1,1,0.07558904,0.0
Copa2024,3942229,2024-07-06,Quarter-finals,Wilton Pereira Sampaio,Canada,Venezuela,34,12,2,28,0,0,16,1.3510978860000002,384,8,13,2,0,54,222,1,0,0.0,0.0
Copa2024,3942229,2024-07-06,Quarter-finals,Wilton Pereira Sampaio,Venezuela,Canada,46,16,3,18,0,0,15,0.9220584957,476,12,8,1,0,52,348,1,0,0.0,0.0
Copa2024,3942228,2024-07-05,Quarter-finals,Andrés Matonte,Ecuador,Argentina,35,14,1,13,1,0,8,0.6050276160000001,392,14,16,2,0,26,169,0,1,0.05211886,0.7835
Copa2024,3942228,2024-07-05,Quarter-finals,Andrés Matonte,Argentina,Ecuador,30,10,2,20,0,1,8,0.858567997,401,14,15,2,0,35,284,0,0,0.0,0.0
Copa2024,3939985,2024-06-30,Group Stage,Wilmar Alexander Roldán Pérez,Canada,Chile,57,26,1,17,0,0,9,0.699493846,473,8,16,5,0,30,323,1,1,0.007882138,0.0
Copa2024,3939985,2024-06-30,Group Stage,Wilmar Alexander Roldán Pérez,Chile,Canada,22,7,4,29,0,0,8,0.45400930300000003,364,14,8,2,1,45,230,0,1,0.022303076,0.0
Copa2024,3939984,2024-06-28,Group Stage,Gustavo Tejera,Colombia,Costa Rica,51,18,6,6,1,0,17,2.118814693,566,18,20,2,0,27,319,2,0,0.0,0.7835
Copa2024,3939984,2024-06-28,Group Stage,Gustavo Tejera,Costa Rica,Colombia,9,3,0,21,0,1,5,0.165297975,335,19,19,1,0,41,129,0,0,0.0,0.0
Copa2024,3939981,2024-06-27,Group Stage,Ivan Arcides Barton Cisneros,United States,Panama,23,9,6,25,0,0,6,0.914278539,223,18,6,2,1,34,128,2,0,0.0,0.0
Copa2024,3939981,2024-06-27,Group Stage,Ivan Arcides Barton Cisneros,Panama,United States,55,18,1,9,0,0,13,0.730782593,596,6,19,3,1,22,507,0,0,0.0,0.0
Copa2024,3939989,2024-07-02,Group Stage,Edina Alves Batista,Bolivia,Panama,16,6,0,19,0,0,7,0.793431835,478,9,23,2,0,33,166,0,0,0.0,0.0
Copa2024,3939989,2024-07-02,Group Stage,Edina Alves Batista,Panama,Bolivia,42,13,6,7,0,0,13,1.3405597112999998,455,22,10,1,0,30,316,2,0,0.0,0.0
Copa2024,3939969,2024-06-21,Group Stage,Jesús Valenzuela Sáez,Canada,Argentina,42,13,2,25,0,0,10,0.9772994850000001,353,16,10,2,0,29,204,2,1,0.080919705,0.0
Copa2024,3939969,2024-06-21,Group Stage,Jesús Valenzuela Sáez,Argentina,Canada,76,27,3,13,0,0,19,3.538291301,652,10,19,2,0,16,425,0,1,0.06189222,0.0
